"Id","Path","Slice Name","Alias(s)","Label","Min","Max","Must Support?","Is Modifier?","Is Summary?","Type(s)","Short","Definition","Comments","Requirements","Default Value","Meaning When Missing","Fixed Value","Pattern","Example","Minimum Value","Maximum Value","Maximum Length","Binding Strength","Binding Description","Binding Value Set","Code","Slicing Discriminator","Slicing Description","Slicing Ordered","Slicing Rules","Base Path","Base Min","Base Max","Condition(s)","Constraint(s)","Mapping: Workflow Pattern","Mapping: RIM Mapping","Mapping: FiveWs Pattern Mapping","Mapping: HL7 v2 Mapping"
"MedicationStatement","MedicationStatement","","","",0,*,"","","","null {[]} {[]}
","患者が服用している薬の記録 / Record of medication being taken by a patient","患者によって消費されている薬の記録。投薬手段は、患者が今すぐ薬を服用しているか、過去に薬を服用しているか、将来薬を服用していることを示している可能性があります。この情報の原因は、患者、重要な他の人（家族や配偶者など）、または臨床医である可能性があります。この情報がキャプチャされる一般的なシナリオは、患者の訪問または滞在中に歴史の中でプロセスを取ることです。投薬情報は、患者の記憶、処方箋ボトル、患者、臨床医、または他の当事者が維持している薬物のリストからの情報源から得られる場合があります。

投薬声明と投薬診断の主な違いは、投薬投与が完全な投与情報を持ち、薬を投与した人からの実際の投与情報に基づいていることです。薬の声明は、常にではないにしても、具体的ではないことがよくあります。薬が投与されたときに必要な日付/時刻はありません。実際、患者がこの薬を服用していると報告していることがわかりました。あまり正確ではありません。前述のように、投薬声明の情報は、患者の記憶、処方箋ボトル、または患者、臨床医、または他の当事者が維持している薬物のリストから得られる可能性があります。投薬投与はより正式であり、詳細な情報を見逃していません。 / A record of a medication that is being consumed by a patient.   A MedicationStatement may indicate that the patient may be taking the medication now or has taken the medication in the past or will be taking the medication in the future.  The source of this information can be the patient, significant other (such as a family member or spouse), or a clinician.  A common scenario where this information is captured is during the history taking process during a patient visit or stay.   The medication information may come from sources such as the patient's memory, from a prescription bottle,  or from a list of medications the patient, clinician or other party maintains. 

The primary difference between a medication statement and a medication administration is that the medication administration has complete administration information and is based on actual administration information from the person who administered the medication.  A medication statement is often, if not always, less specific.  There is no required date/time when the medication was administered, in fact we only know that a source has reported the patient is taking this medication, where details such as time, quantity, or rate or even medication product may be incomplete or missing or less precise.  As stated earlier, the medication statement information may come from the patient's memory, from a prescription bottle or from a list of medications the patient, clinician or other party maintains.  Medication administration is more formal and is not missing detailed information.","薬物測定を解釈するとき、ステータスの価値とNottakenを考慮する必要があります。dedicationStatement.status + decutionStatement.wasnottakenステータス=アクティブ + nottaken = t =現在取得していないステータス=完了 + nottaken = t =過去に撮影されていないstatus = dented + nottaken = t =取得する意図はありませんステータス=アクティブ + nottaken = f =撮影ですが、規定されていないステータス=アクティブ + nottaken = f =撮影status = dented +nottaken = f =は取得されます（開始されません）ステータス=完了 + nottaken = f =過去に撮影status = in error + nottaken = n/a =エラー。 / When interpreting a medicationStatement, the value of the status and NotTaken needed to be considered:MedicationStatement.status + MedicationStatement.wasNotTakenStatus=Active + NotTaken=T = Not currently takingStatus=Completed + NotTaken=T = Not taken in the pastStatus=Intended + NotTaken=T = No intention of takingStatus=Active + NotTaken=F = Taking, but not as prescribedStatus=Active + NotTaken=F = TakingStatus=Intended +NotTaken= F = Will be taking (not started)Status=Completed + NotTaken=F = Taken in pastStatus=In Error + NotTaken=N/A = In Error.","","","","","","","","",,,,,"",,,,"MedicationStatement",0,*,"","","Event","Entity. Role, or Act","SubstanceAdministration"
"MedicationStatement.id","MedicationStatement.id","","","",0,1,"","","Y","id {[]} {[]}
","このアーティファクトの論理ID / Logical id of this artifact","リソースのURLで使用されるリソースの論理ID。割り当てられたら、この値は変更されません。 / The logical id of the resource, as used in the URL for the resource. Once assigned, this value never changes.","リソースにIDがないのは、IDが作成操作を使用してサーバーに送信されている場合です。 / The only time that a resource does not have an id is when it is being submitted to the server using a create operation.","","","","","","","","",,,,,"",,,,"Resource.id",0,1,"",""
"MedicationStatement.meta","MedicationStatement.meta","","","",0,1,"","","Y","Meta {[]} {[]}
","リソースに関するメタデータ / Metadata about the resource","リソースに関するメタデータ。これは、インフラストラクチャによって維持されるコンテンツです。コンテンツの変更は、常にリソースのバージョンの変更に関連付けられているとは限りません。 / The metadata about the resource. This is content that is maintained by the infrastructure. Changes to the content might not always be associated with version changes to the resource.","","","","","","","","","",,,,,"",,,,"Resource.meta",0,1,"",""
"MedicationStatement.meta.id","MedicationStatement.meta.id","","","",0,1,"","","","string {[]} {[]}
","エレメント相互参照のためのユニークID","リソース内の要素の固有ID（内部参照用）。これは、スペースを含まない任意の文字列値である可能性があります。","","","","","","","","","",,,,,"",,,,"Element.id",0,1,"","","n/a"
"MedicationStatement.meta.extension","MedicationStatement.meta.extension","","extensions
user content","",0,*,"","","","Extension {[]} {[]}
","実装によって定義される追加コンテンツ","「要素の基本的な定義に含まれない追加情報を表すために使用されることがあります。拡張機能の使用を安全かつ管理しやすくするために、定義および使用に適用される厳格なガバナンスのセットがあります。実装者は拡張機能を定義できますが、拡張機能の定義の一部として満たす必要のある要件のセットがあります。」","どのようなアプリケーション、プロジェクト、または標準が拡張機能を使用しているかに関わらず、拡張機能の使用には決して汚名が付くわけではありません - それらを使用または定義する機関または管轄区域に関係なく。拡張機能の使用こそが、FHIR仕様を誰にとっても簡単なコアレベルで維持することを可能にします。","","","","","","","","",,,,,"","value:url}
","拡張子は常にURLで切り片にされます。",,"open","Element.extension",0,*,"","ele-1:すべてのFHIR要素は、@valueまたはchildrenを持っている必要があります。 {hasValue() or (children().count() > id.count())}
ext-1:「拡張機能または値[x]のいずれかが必要です。両方ではありません。」 {extension.exists() != value.exists()}","n/a"
"MedicationStatement.meta.versionId","MedicationStatement.meta.versionId","","","",0,1,"","","Y","id {[]} {[]}
","バージョン固有の識別子 (Baajon koyū no shikibetsu-shi)","URLのバージョン部分に表示されるバージョン固有の識別子。この値は、リソースが作成、更新、または削除された場合に変更されます。","サーバーがこの値を割り当て、クライアントが指定した値を無視する。ただし、サーバーが更新/削除時にバージョンの整合性を強制する場合を除く。","","","","","","","","",,,,,"",,,,"Meta.versionId",0,1,"","ele-1:すべてのFHIR要素は、@valueまたはchildrenを持っている必要があります。 {hasValue() or (children().count() > id.count())}
"
"MedicationStatement.meta.lastUpdated","MedicationStatement.meta.lastUpdated","","","",0,1,"Y","","Y","instant {[]} {[]}
","「リソースのバージョンが最後に変更されたとき」","リソースが最後に変更されたとき - 例えば、バージョンが変更されたとき。","この値はリソースが初めて作成される場合を除いて常に設定されています。サーバー/リソースマネージャーがこの値を設定します。クライアントが提供する値は関係ありません。これはHTTP Last-Modifiedに相当し、[read](http://hl7.org/fhir/R4/http.html#read)のインタラクションで同じ値を持つべきです。","","","","","","","","",,,,,"",,,,"Meta.lastUpdated",0,1,"","ele-1:すべてのFHIR要素は、@valueまたはchildrenを持っている必要があります。 {hasValue() or (children().count() > id.count())}
"
"MedicationStatement.meta.source","MedicationStatement.meta.source","","","",0,1,"","","Y","uri {[]} {[]}
","「リソースがどこから来たかを特定する」(Risōsu ga doko kara kita ka o tokutei suru)","リソースのソースシステムを識別するURI。これにより、リソース内の情報のソースをトラックまたは区別するために使用できる最小限の[プロビナンス]（provenance.html＃）情報が提供されます。ソースは、別のFHIRサーバー、ドキュメント、メッセージ、データベースなどを識別できます。","「プロバナンスのリソースにおいて、これはProvenance.entity.what[x]に対応します。ソースの正確な使用方法（および含意されるProvenance.entity.role）は実装者の判断に委ねられます。指定されたソースは1つだけです。追加のプロバナンスの詳細が必要な場合は、完全なプロバナンスリソースを使用するべきです。

この要素は、正規のURLでホストされていないリソースの現在のマスターソースがどこにあるかを示すために使用できます。」","","","","","","","","",,,,,"",,,,"Meta.source",0,1,"","ele-1:すべてのFHIR要素は、@valueまたはchildrenを持っている必要があります。 {hasValue() or (children().count() > id.count())}
"
"MedicationStatement.meta.profile","MedicationStatement.meta.profile","","","",0,*,"","","Y","canonical {[]} {[CanonicalType[http://hl7.org/fhir/StructureDefinition/StructureDefinition]]}
","このリソースが適合を主張するプロファイル","このリソースが準拠すると主張する [StructureDefinition](http://hl7.org/fhir/R4/structuredefinition.html#) リソースに関するプロファイルのリストです。URL は [StructureDefinition.url](http://hl7.org/fhir/R4/structuredefinition-definitions.html#StructureDefinition.url) への参照です。","これらの主張が時間の経過に伴って検証または更新される方法と、それらを決定するサーバーや他の基盤に任されます。プロファイルURLのリストは1セットです。","","","","","","","","",,,,,"",,,,"Meta.profile",0,*,"","ele-1:すべてのFHIR要素は、@valueまたはchildrenを持っている必要があります。 {hasValue() or (children().count() > id.count())}
"
"MedicationStatement.meta.security","MedicationStatement.meta.security","","","",0,*,"","","Y","Coding {[]} {[]}
","このリソースに適用されたセキュリティラベル","このリソースにはセキュリティラベルが適用されています。これらのタグにより、特定のリソースが全体的なセキュリティポリシーやインフラストラクチャに関連付けられます。","セキュリティラベルは変更せずにリソースのバージョンを更新可能です。セキュリティラベルのリストはセットであり、一意性はシステム/コードに基づき、バージョンと表示は無視されます。","","","","","","","","",,"extensible","医療プライバシーおよびセキュリティ分類システムからのセキュリティラベル。","http://hl7.org/fhir/ValueSet/security-labels","",,,,"Meta.security",0,*,"","ele-1:すべてのFHIR要素は、@valueまたはchildrenを持っている必要があります。 {hasValue() or (children().count() > id.count())}
"
"MedicationStatement.meta.tag","MedicationStatement.meta.tag","","","",0,*,"","","Y","Coding {[]} {[]}
","このリソースに適用されたタグ","このリソースに適用されるタグです。タグは、リソースをプロセスやワークフローに識別し、関連付けるために使用することが意図されており、アプリケーションはリソースの意味を解釈する際にタグを考慮する必要はありません。","リソースの表示バージョンを変更することなく、タグを更新できます。タグのリストは集合です。ユニーク性はシステム/コードに基づき、バージョンと表示は無視されます。","","","","","","","","",,"example","「様々なタグを表すコードで、一般的にはワークフローに関連しています。例：「ジョーンズ博士によるレビューが必要です」。」","http://hl7.org/fhir/ValueSet/common-tags","",,,,"Meta.tag",0,*,"","ele-1:すべてのFHIR要素は、@valueまたはchildrenを持っている必要があります。 {hasValue() or (children().count() > id.count())}
"
"MedicationStatement.implicitRules","MedicationStatement.implicitRules","","","",0,1,"","Y","Y","uri {[]} {[]}
","このコンテンツが作成されたルールのセット / A set of rules under which this content was created","リソースが構築されたときに従った一連のルールへの参照。コンテンツの処理時に理解する必要があります。多くの場合、これは他のプロファイルなどとともに特別なルールを定義する実装ガイドへの参照です。 / A reference to a set of rules that were followed when the resource was constructed, and which must be understood when processing the content. Often, this is a reference to an implementation guide that defines the special rules along with other profiles etc.","このルールセットを主張することは、コンテンツが限られた取引パートナーのセットによってのみ理解されることを制限します。これにより、本質的に長期的にデータの有用性が制限されます。ただし、既存の健康エコシステムは非常に破壊されており、一般的に計算可能な意味でデータを定義、収集、交換する準備ができていません。可能な限り、実装者や仕様ライターはこの要素の使用を避ける必要があります。多くの場合、使用する場合、URLは、これらの特別なルールを他のプロファイル、バリューセットなどとともに叙述(Narative)の一部として定義する実装ガイドへの参照です。 / Asserting this rule set restricts the content to be only understood by a limited set of trading partners. This inherently limits the usefulness of the data in the long term. However, the existing health eco-system is highly fractured, and not yet ready to define, collect, and exchange data in a generally computable sense. Wherever possible, implementers and/or specification writers should avoid using this element. Often, when used, the URL is a reference to an implementation guide that defines these special rules as part of it's narrative along with other profiles, value sets, etc.","","","","","","","","",,,,,"",,,,"Resource.implicitRules",0,1,"","ele-1:すべてのFHIR要素には、@valueまたは子供が必要です / All FHIR elements must have a @value or children {hasValue() or (children().count() > id.count())}
"
"MedicationStatement.language","MedicationStatement.language","","","",0,1,"","","","code {[]} {[]}
","リソースコンテンツの言語 / Language of the resource content","リソースが書かれている基本言語。 / The base language in which the resource is written.","言語は、インデックス作成とアクセシビリティをサポートするために提供されます（通常、テキストから音声までのサービスなどのサービスが言語タグを使用します）。叙述(Narative)のHTML言語タグは、叙述(Narative)に適用されます。リソース上の言語タグを使用して、リソース内のデータから生成された他のプレゼンテーションの言語を指定できます。すべてのコンテンツが基本言語である必要はありません。リソース。言語は、叙述(Narative)に自動的に適用されると想定されるべきではありません。言語が指定されている場合、HTMLのDIV要素にも指定されている場合（XML：LangとHTML Lang属性の関係については、HTML5のルールを参照してください）。 / Language is provided to support indexing and accessibility (typically, services such as text to speech use the language tag). The html language tag in the narrative applies  to the narrative. The language tag on the resource may be used to specify the language of other presentations generated from the data in the resource. Not all the content has to be in the base language. The Resource.language should not be assumed to apply to the narrative automatically. If a language is specified, it should it also be specified on the div element in the html (see rules in HTML5 for information about the relationship between xml:lang and the html lang attribute).","","","","","","","","",,"preferred","人間の言語。 / A human language.","http://hl7.org/fhir/ValueSet/languages","",,,,"Resource.language",0,1,"","ele-1:すべてのFHIR要素には、@valueまたは子供が必要です / All FHIR elements must have a @value or children {hasValue() or (children().count() > id.count())}
"
"MedicationStatement.text","MedicationStatement.text","","narrative
htmlxhtmldisplay","",0,1,"","","","Narrative {[]} {[]}
","人間の解釈のためのリソースのテキスト概要 / Text summary of the resource, for human interpretation","リソースの概要を含み、人間へのリソースの内容を表すために使用できる人間の読み取り可能な叙述(Narative)。叙述(Narative)はすべての構造化されたデータをエンコードする必要はありませんが、人間が叙述(Narative)を読むだけで「臨床的に安全」にするために十分な詳細を含める必要があります。リソースの定義は、臨床的安全を確保するために、叙述(Narative)で表現するコンテンツを定義する場合があります。 / A human-readable narrative that contains a summary of the resource and can be used to represent the content of the resource to a human. The narrative need not encode all the structured data, but is required to contain sufficient detail to make it ""clinically safe"" for a human to just read the narrative. Resource definitions may define what content should be represented in the narrative to ensure clinical safety.","含まれるリソースには叙述(Narative)がありません。含まれていないリソースには叙述(Narative)が必要です。場合によっては、リソースには、追加の個別のデータがほとんどまたはまったくないテキストのみがあります（すべてのMinoccur = 1要素が満たされている限り）。これは、情報がtext blob (バイナリー ラージ オブジェクト)としてキャプチャされるレガシーシステムからのデータ、またはテキストが生またはナレーションされ、エンコードされた情報が後で追加される場合に必要になる場合があります。 / Contained resources do not have narrative. Resources that are not contained SHOULD have a narrative. In some cases, a resource may only have text with little or no additional discrete data (as long as all minOccurs=1 elements are satisfied).  This may be necessary for data from legacy systems where information is captured as a ""text blob"" or where text is additionally entered raw or narrated and encoded information is added later.","","","","","","","","",,,,,"",,,,"DomainResource.text",0,1,"","ele-1:すべてのFHIR要素には、@valueまたは子供が必要です / All FHIR elements must have a @value or children {hasValue() or (children().count() > id.count())}
","Act.text?"
"MedicationStatement.contained","MedicationStatement.contained","","inline resources
anonymous resourcescontained resources","",0,*,"","","","Resource {[]} {[]}
","インラインリソースが含まれています / Contained, inline Resources","これらのリソースには、それらを含むリソースを除いて独立した存在はありません - 独立して特定することはできず、独自の独立したトランザクションスコープを持つこともできません。 / These resources do not have an independent existence apart from the resource that contains them - they cannot be identified independently, and nor can they have their own independent transaction scope.","識別が失われると、コンテンツを適切に識別できる場合は、これを行うべきではありません。含まれるリソースには、メタ要素にプロファイルとタグがある場合がありますが、セキュリティラベルはありません。 / This should never be done when the content can be identified properly, as once identification is lost, it is extremely difficult (and context dependent) to restore it again. Contained resources may have profiles and tags In their meta elements, but SHALL NOT have security labels.","","","","","","","","",,,,,"",,,,"DomainResource.contained",0,*,"","","N/A"
"MedicationStatement.extension","MedicationStatement.extension","","extensions
user content","",0,*,"","","","Extension {[]} {[]}
","実装で定義された追加のコンテンツ / Additional content defined by implementations","リソースの基本的な定義の一部ではない追加情報を表すために使用できます。拡張機能を安全で管理しやすくするために、拡張機能の定義と使用に適用される厳格なガバナンスセットがあります。実装者は拡張機能を定義できますが、拡張機能の定義の一部として満たされる一連の要件があります。 / May be used to represent additional information that is not part of the basic definition of the resource. To make the use of extensions safe and manageable, there is a strict set of governance  applied to the definition and use of extensions. Though any implementer can define an extension, there is a set of requirements that SHALL be met as part of the definition of the extension.","拡張機能を使用または定義する機関や管轄権に関係なく、アプリケーション、プロジェクト、または標準による拡張機能の使用に関連するスティグマはありません。拡張機能の使用は、FHIR仕様がすべての人にコアレベルのシンプルさを保持できるようにするものです。 / There can be no stigma associated with the use of extensions by any application, project, or standard - regardless of the institution or jurisdiction that uses or defines the extensions.  The use of extensions is what allows the FHIR specification to retain a core level of simplicity for everyone.","","","","","","","","",,,,,"",,,,"DomainResource.extension",0,*,"","ele-1:すべてのFHIR要素には、@valueまたは子供が必要です / All FHIR elements must have a @value or children {hasValue() or (children().count() > id.count())}
ext-1:両方ではなく、拡張または値[x]が必要です / Must have either extensions or value[x], not both {extension.exists() != value.exists()}","N/A"
"MedicationStatement.modifierExtension","MedicationStatement.modifierExtension","","extensions
user content","",0,*,"","Y","","Extension {[]} {[]}
","無視できない拡張機能 / Extensions that cannot be ignored","リソースの基本的な定義の一部ではなく、それを含む要素の理解および/または含有要素の子孫の理解を変更するために使用される場合があります。通常、修飾子要素は否定または資格を提供します。拡張機能を安全で管理しやすくするために、拡張機能の定義と使用に適用される厳格なガバナンスセットがあります。実装者は拡張機能を定義することが許可されていますが、拡張機能の定義の一部として満たされる一連の要件があります。アプリケーションの処理リソースは、修飾子拡張機能をチェックする必要があります。

モディファイア拡張は、リソースまたはdomainResource上の要素の意味を変更してはなりません（修飾軸自体の意味を変更することはできません）。 / May be used to represent additional information that is not part of the basic definition of the resource and that modifies the understanding of the element that contains it and/or the understanding of the containing element's descendants. Usually modifier elements provide negation or qualification. To make the use of extensions safe and manageable, there is a strict set of governance applied to the definition and use of extensions. Though any implementer is allowed to define an extension, there is a set of requirements that SHALL be met as part of the definition of the extension. Applications processing a resource are required to check for modifier extensions.

Modifier extensions SHALL NOT change the meaning of any elements on Resource or DomainResource (including cannot change the meaning of modifierExtension itself).","拡張機能を使用または定義する機関や管轄権に関係なく、アプリケーション、プロジェクト、または標準による拡張機能の使用に関連するスティグマはありません。拡張機能の使用は、FHIR仕様がすべての人にコアレベルのシンプルさを保持できるようにするものです。 / There can be no stigma associated with the use of extensions by any application, project, or standard - regardless of the institution or jurisdiction that uses or defines the extensions.  The use of extensions is what allows the FHIR specification to retain a core level of simplicity for everyone.","修飾子拡張機能により、安全に無視できる大部分の拡張機能と明確に区別できるように、安全に無視できない拡張機能が可能になります。これにより、実装者が拡張の存在を禁止する必要性を排除することにより、相互運用性が促進されます。詳細については、[修飾子拡張の定義]（拡張性.html＃modifierextension）を参照してください。 / Modifier extensions allow for extensions that *cannot* be safely ignored to be clearly distinguished from the vast majority of extensions which can be safely ignored.  This promotes interoperability by eliminating the need for implementers to prohibit the presence of extensions. For further information, see the [definition of modifier extensions](http://hl7.org/fhir/R4/extensibility.html#modifierExtension).","","","","","","","",,,,,"",,,,"DomainResource.modifierExtension",0,*,"","ele-1:すべてのFHIR要素には、@valueまたは子供が必要です / All FHIR elements must have a @value or children {hasValue() or (children().count() > id.count())}
ext-1:両方ではなく、拡張または値[x]が必要です / Must have either extensions or value[x], not both {extension.exists() != value.exists()}","N/A"
"MedicationStatement.identifier","MedicationStatement.identifier","","","",0,*,"","","Y","Identifier {[]} {[]}
","外部識別子 / External identifier","ビジネスプロセスによって定義されるこの薬物療法ステートメントに関連付けられた識別子、および/またはリソース自体への直接のURL参照が適切でない場合にそれを参照するために使用される識別子。これらは、パフォーマーまたは他のシステムによってこのリソースに割り当てられたビジネス識別子であり、リソースが更新され、サーバーからサーバーに伝播するため、一定のままです。 / Identifiers associated with this Medication Statement that are defined by business processes and/or used to refer to it when a direct URL reference to the resource itself is not appropriate. They are business identifiers assigned to this resource by the performer or other systems and remain constant as the resource is updated and propagates from server to server.","これはビジネス識別子であり、リソース識別子ではありません。 / This is a business identifier, not a resource identifier.","","","","","","","","",,,,,"",,,,"MedicationStatement.identifier",0,*,"","ele-1:すべてのFHIR要素には、@valueまたは子供が必要です / All FHIR elements must have a @value or children {hasValue() or (children().count() > id.count())}
","Event.identifier",".id","FiveWs.identifier"
"MedicationStatement.basedOn","MedicationStatement.basedOn","","","",0,*,"","","Y","Reference {[]} {[CanonicalType[http://hl7.org/fhir/StructureDefinition/MedicationRequest], CanonicalType[http://hl7.org/fhir/StructureDefinition/CarePlan], CanonicalType[http://hl7.org/fhir/StructureDefinition/ServiceRequest]]}
","計画、提案、または命令を満たします / Fulfils plan, proposal or order","このイベントによって全体または一部に満たされる計画、提案、または命令。 / A plan, proposal or order that is fulfilled in whole or in part by this event.","","イベントの許可を追跡し、提案/勧告が行われたかどうかを追跡することができます。 / Allows tracing of authorization for the event and tracking whether proposals/recommendations were acted upon.","","","","","","","",,,,,"",,,,"MedicationStatement.basedOn",0,*,"","ele-1:すべてのFHIR要素には、@valueまたは子供が必要です / All FHIR elements must have a @value or children {hasValue() or (children().count() > id.count())}
","Event.basedOn",".outboundRelationship[typeCode=FLFS].target[classCode=SBADM or PROC or PCPR or OBS, moodCode=RQO orPLAN or PRP]"
"MedicationStatement.partOf","MedicationStatement.partOf","","","",0,*,"","","Y","Reference {[]} {[CanonicalType[http://hl7.org/fhir/StructureDefinition/MedicationAdministration], CanonicalType[http://hl7.org/fhir/StructureDefinition/MedicationDispense], CanonicalType[http://hl7.org/fhir/StructureDefinition/MedicationStatement], CanonicalType[http://hl7.org/fhir/StructureDefinition/Procedure], CanonicalType[http://hl7.org/fhir/StructureDefinition/Observation]]}
","参照イベントの一部 / Part of referenced event","この特定のイベントがコンポーネントまたはステップであるより大きなイベント。 / A larger event of which this particular event is a component or step.","","これは、薬物測定がどのリソースから導出されているかを示す場合は使用しないでください。それがユースケースである場合、secticationStatement.derivedfromを使用する必要があります。 / This should not be used when indicating which resource a MedicationStatement has been derived from.  If that is the use case, then MedicationStatement.derivedFrom should be used.","","","","","","","",,,,,"",,,,"MedicationStatement.partOf",0,*,"","ele-1:すべてのFHIR要素には、@valueまたは子供が必要です / All FHIR elements must have a @value or children {hasValue() or (children().count() > id.count())}
","Event.partOf",".outboundRelationship[typeCode=COMP]/target[classCode=SPLY or SBADM or PROC or OBS,moodCode=EVN]"
"MedicationStatement.status","MedicationStatement.status","","","",1,1,"","Y","Y","code {[]} {[]}
","アクティブ|完了|エラーに入った|意図した|停止|オンホールド|不明|非テイク / active | completed | entered-in-error | intended | stopped | on-hold | unknown | not-taken","この声明が存在すると使用されている薬の状態に関する患者または他のソースの判断を表すコード。通常、これはアクティブまたは完了します。 / A code representing the patient or other source's judgment about the state of the medication used that this statement is about.  Generally, this will be active or completed.","薬物測定は、ある時点での声明です。ステータスは、主張された時点でのみ代表です。settatement.Statusに設定された値には、患者による投薬の使用状況を主張するコード（たとえば、停止または保留中）と、薬物声明自体の状態を主張するコード（たとえば、エラー）。この要素は、リソースを現在有効ではないとマークするコードが含まれているため、修飾子としてラベル付けされています。 / MedicationStatement is a statement at a point in time.  The status is only representative at the point when it was asserted.  The value set for MedicationStatement.status contains codes that assert the status of the use of the medication by the patient (for example, stopped or on hold) as well as codes that assert the status of the medication statement itself (for example, entered in error).This element is labeled as a modifier because the status contains codes that mark the resource as not currently valid.","","","","","","","","",,"required","薬剤の現在の状態を示すコード化された概念。 / A coded concept indicating the current status of a MedicationStatement.","http://hl7.org/fhir/ValueSet/medication-statement-status|4.0.1","",,,,"MedicationStatement.status",1,1,"","ele-1:すべてのFHIR要素には、@valueまたは子供が必要です / All FHIR elements must have a @value or children {hasValue() or (children().count() > id.count())}
","Event.status",".statusCode","FiveWs.status"
"MedicationStatement.statusReason","MedicationStatement.statusReason","","","",0,*,"","","","CodeableConcept {[]} {[]}
","現在のステータスの理由 / Reason for current status","薬物測定の現在の状態の理由を捉えています。 / Captures the reason for the current state of the MedicationStatement.","通常、これは、「非テイク」、「オンホールド」、「キャンセル」、「エラーに入った」などの「例外」ステータスにのみ使用されます。イベントを実行する理由は、ここではなくReasonCodeでキャプチャされます。 / This is generally only used for ""exception"" statuses such as ""not-taken"", ""on-hold"", ""cancelled"" or ""entered-in-error"". The reason for performing the event at all is captured in reasonCode, not here.","","","","","","","","",,"example","ステートメントのステータスの理由を示すコード化された概念。 / A coded concept indicating the reason for the status of the statement.","http://hl7.org/fhir/ValueSet/reason-medication-status-codes","",,,,"MedicationStatement.statusReason",0,*,"","ele-1:すべてのFHIR要素には、@valueまたは子供が必要です / All FHIR elements must have a @value or children {hasValue() or (children().count() > id.count())}
","Event.statusReason",".inboundRelationship[typeCode=SUBJ].source[classCode=CACT, moodCode=EVN].reasonCOde"
"MedicationStatement.category","MedicationStatement.category","","","",0,1,"","","Y","CodeableConcept {[]} {[]}
","薬の使用の種類 / Type of medication usage","薬が消費または投与されることが予想される場所を示します。 / Indicates where the medication is expected to be consumed or administered.","","","","","","","","","",,"preferred","薬剤が含まれている場所を識別するコード化された概念は、薬物測定に含まれる場所が消費または投与されると予想されます。 / A coded concept identifying where the medication included in the MedicationStatement is expected to be consumed or administered.","http://hl7.org/fhir/ValueSet/medication-statement-category","",,,,"MedicationStatement.category",0,1,"","ele-1:すべてのFHIR要素には、@valueまたは子供が必要です / All FHIR elements must have a @value or children {hasValue() or (children().count() > id.count())}
",".inboundRelationship[typeCode=COMP].source[classCode=OBS, moodCode=EVN, code=""type of medication usage""].value","FiveWs.class"
"MedicationStatement.medication[x]","MedicationStatement.medication[x]","","","",1,1,"","","Y","CodeableConcept {[]} {[]}
Reference {[]} {[CanonicalType[http://hl7.org/fhir/StructureDefinition/Medication]]}","どの薬を服用したか / What medication was taken","投与されている薬を特定します。これは、薬物の詳細を表すリソースへのリンクか、既知の薬物のリストから薬を識別するコードを運ぶ単純な属性です。 / Identifies the medication being administered. This is either a link to a resource representing the details of the medication or a simple attribute carrying a code that identifies the medication from a known list of medications.","コードのみが指定されている場合、特定の製品のコードである必要があります。より多くの情報が必要な場合は、投薬リソースの使用をお勧めします。たとえば、フォームまたはロット番号が必要な場合は、投薬リソースを参照する必要があります。 / If only a code is specified, then it needs to be a code for a specific product. If more information is required, then the use of the medication resource is recommended.  For example, if you require form or lot number, then you must reference the Medication resource.","","","","","","","","",,"example","採取されている物質または製品を識別するコード化された概念。 / A coded concept identifying the substance or product being taken.","http://hl7.org/fhir/ValueSet/medication-codes","",,,,"MedicationStatement.medication[x]",1,1,"","ele-1:すべてのFHIR要素には、@valueまたは子供が必要です / All FHIR elements must have a @value or children {hasValue() or (children().count() > id.count())}
","Event.code",".participation[typeCode=CSM].role[classCode=ADMM or MANU]","FiveWs.what[x]"
"MedicationStatement.subject","MedicationStatement.subject","","","",1,1,"","","Y","Reference {[]} {[CanonicalType[http://hl7.org/fhir/StructureDefinition/Patient], CanonicalType[http://hl7.org/fhir/StructureDefinition/Group]]}
","誰が薬を服用していたのか / Who is/was taking  the medication","薬を服用している人、動物、またはグループ。 / The person, animal or group who is/was taking the medication.","","","","","","","","","",,,,,"",,,,"MedicationStatement.subject",1,1,"","ele-1:すべてのFHIR要素には、@valueまたは子供が必要です / All FHIR elements must have a @value or children {hasValue() or (children().count() > id.count())}
","Event.subject",".participation[typeCode=SBJ].role[classCode=PAT]","FiveWs.subject[x]","FiveWs.subject","PID-3-Patient ID List"
"MedicationStatement.context","MedicationStatement.context","","","",0,1,"","","Y","Reference {[]} {[CanonicalType[http://hl7.org/fhir/StructureDefinition/Encounter], CanonicalType[http://hl7.org/fhir/StructureDefinition/EpisodeOfCare]]}
","薬物測定に関連する遭遇 /エピソード / Encounter / Episode associated with MedicationStatement","この薬物測定のコンテキストを確立する遭遇またはケアのエピソード。 / The encounter or episode of care that establishes the context for this MedicationStatement.","","","","","","","","","",,,,,"",,,,"MedicationStatement.context",0,1,"","ele-1:すべてのFHIR要素には、@valueまたは子供が必要です / All FHIR elements must have a @value or children {hasValue() or (children().count() > id.count())}
","Event.context",".inboundRelationship[typeCode=COMP].source[classCode=ENC, moodCode=EVN, code=""type of encounter or episode""]"
"MedicationStatement.effective[x]","MedicationStatement.effective[x]","","","",0,1,"","","Y","dateTime {[]} {[]}
Period {[]} {[]}","薬が服用/服用/服用/時刻または間隔 / The date/time or interval when the medication is/was/will be taken","患者が薬を服用している/服用している/（または薬を服用していなかった）と主張されている時間の間隔。 / The interval of time during which it is being asserted that the patient is/was/will be taking the medication (or was not taking, when the MedicationStatement.taken element is No).","この属性は、患者が投薬を消費した期間を反映しており、投薬声明の大部分に埋め込むことが期待されています。声明が記録された時点で薬がまだ撮影されている場合、「終了」日付は省略されます。日付/時刻属性は、年、年/月、正確な日付のさまざまな日付をサポートしています。これ以上のものが必要な場合は、これをテキストとして伝える必要があります。 / This attribute reflects the period over which the patient consumed the medication and is expected to be populated on the majority of Medication Statements. If the medication is still being taken at the time the statement is recorded, the ""end"" date will be omitted.  The date/time attribute supports a variety of dates - year, year/month and exact date.  If something more than this is required, this should be conveyed as text.","","","","","","","","",,,,,"",,,,"MedicationStatement.effective[x]",0,1,"","ele-1:すべてのFHIR要素には、@valueまたは子供が必要です / All FHIR elements must have a @value or children {hasValue() or (children().count() > id.count())}
","Event.occurrence[x]",".effectiveTime","FiveWs.done[x]"
"MedicationStatement.dateAsserted","MedicationStatement.dateAsserted","","","",0,1,"","","Y","dateTime {[]} {[]}
","声明が主張されたのはいつですか？ / When the statement was asserted?","投薬声明が情報源によって主張された日付。 / The date when the medication statement was asserted by the information source.","","","","","","","","","",,,,,"",,,,"MedicationStatement.dateAsserted",0,1,"","ele-1:すべてのFHIR要素には、@valueまたは子供が必要です / All FHIR elements must have a @value or children {hasValue() or (children().count() > id.count())}
",".participation[typeCode=AUT].time","FiveWs.recorded"
"MedicationStatement.informationSource","MedicationStatement.informationSource","","","",0,1,"","","","Reference {[]} {[CanonicalType[http://hl7.org/fhir/StructureDefinition/Patient], CanonicalType[http://hl7.org/fhir/StructureDefinition/Practitioner], CanonicalType[http://hl7.org/fhir/StructureDefinition/PractitionerRole], CanonicalType[http://hl7.org/fhir/StructureDefinition/RelatedPerson], CanonicalType[http://hl7.org/fhir/StructureDefinition/Organization]]}
","この薬の服用に関する情報を提供した人または組織 / Person or organization that provided the information about the taking of this medication","この薬の服用に関する情報を提供した個人または組織。注：薬物測定が他のリソースから派生したときに派生したものを使用します。請求または薬。 / The person or organization that provided the information about the taking of this medication. Note: Use derivedFrom when a MedicationStatement is derived from other resources, e.g. Claim or MedicationRequest.","","","","","","","","","",,,,,"",,,,"MedicationStatement.informationSource",0,1,"","ele-1:すべてのFHIR要素には、@valueまたは子供が必要です / All FHIR elements must have a @value or children {hasValue() or (children().count() > id.count())}
",".participation[typeCode=INF].role[classCode=PAT, or codes for Practioner or Related Person (if PAT is the informer, then syntax for self-reported =true)","FiveWs.source"
"MedicationStatement.derivedFrom","MedicationStatement.derivedFrom","","","",0,*,"","","","Reference {[]} {[CanonicalType[http://hl7.org/fhir/StructureDefinition/Resource]]}
","追加のサポート情報 / Additional supporting information","薬物測定を基礎となる薬物療法、または薬剤の導出にサポートまたは使用する他の情報にリンクすることができます。 / Allows linking the MedicationStatement to the underlying MedicationRequest, or to other information that supports or is used to derive the MedicationStatement.","おそらく参考文献は、薬物療法、薬剤、請求、観察、またはアンケート担当者に関するものです。薬物測定を導き出すための最も一般的なユースケースは、薬物療法または実験室の観察または請求からの薬物測定の作成に由来しています。利用可能な情報の量は、投薬手段を導き出すタイプリソースから異なることに注意する必要があります。 / Likely references would be to MedicationRequest, MedicationDispense, Claim, Observation or QuestionnaireAnswers.  The most common use cases for deriving a MedicationStatement comes from creating a MedicationStatement from a MedicationRequest or from a lab observation or a claim.  it should be noted that the amount of information that is available varies from the type resource that you derive the MedicationStatement from.","","","","","","","","",,,,,"",,,,"MedicationStatement.derivedFrom",0,*,"","ele-1:すべてのFHIR要素には、@valueまたは子供が必要です / All FHIR elements must have a @value or children {hasValue() or (children().count() > id.count())}
",".outboundRelationship[typeCode=SPRT]/target[classCode=ACT,moodCode=EVN]"
"MedicationStatement.reasonCode","MedicationStatement.reasonCode","","","",0,*,"","","","CodeableConcept {[]} {[]}
","薬が服用されている理由の理由 / Reason for why the medication is being/was taken","薬が服用されている理由の理由。 / A reason for why the medication is being/was taken.","これは診断コードである可能性があります。完全な状態レコードが存在する場合、または追加の詳細が必要な場合は、ReasonForUseReferenceを使用してください。 / This could be a diagnosis code. If a full condition record exists or additional detail is needed, use reasonForUseReference.","","","","","","","","",,"example","薬が服用されている理由を特定するコード化された概念。 / A coded concept identifying why the medication is being taken.","http://hl7.org/fhir/ValueSet/condition-code","",,,,"MedicationStatement.reasonCode",0,*,"","ele-1:すべてのFHIR要素には、@valueまたは子供が必要です / All FHIR elements must have a @value or children {hasValue() or (children().count() > id.count())}
","Event.reasonCode",".reasonCode","FiveWs.why[x]"
"MedicationStatement.reasonReference","MedicationStatement.reasonReference","","","",0,*,"","","","Reference {[]} {[CanonicalType[http://hl7.org/fhir/StructureDefinition/Condition], CanonicalType[http://hl7.org/fhir/StructureDefinition/Observation], CanonicalType[http://hl7.org/fhir/StructureDefinition/DiagnosticReport]]}
","薬が服用されている理由をサポートする状態または観察 / Condition or observation that supports why the medication is being/was taken","薬が摂取されている理由をサポートする状態または観察。 / Condition or observation that supports why the medication is being/was taken.","これは、薬が服用されている/服用されている理由である状態への言及です。コードのみが存在する場合は、ReasonForUseCodeを使用してください。 / This is a reference to a condition that is the reason why the medication is being/was taken.  If only a code exists, use reasonForUseCode.","","","","","","","","",,,,,"",,,,"MedicationStatement.reasonReference",0,*,"","ele-1:すべてのFHIR要素には、@valueまたは子供が必要です / All FHIR elements must have a @value or children {hasValue() or (children().count() > id.count())}
","Event.reasonReference",".outboundRelationship[typeCode=RSON]/target[classCode=OBS,moodCode=EVN, code=""reason for use""].value","FiveWs.why[x]"
"MedicationStatement.note","MedicationStatement.note","","","",0,*,"","","","Annotation {[]} {[]}
","声明の詳細情報 / Further information about the statement","他の属性によって伝えられない薬物声明に関する追加の情報を提供します。 / Provides extra information about the medication statement that is not conveyed by the other attributes.","","","","","","","","","",,,,,"",,,,"MedicationStatement.note",0,*,"","ele-1:すべてのFHIR要素には、@valueまたは子供が必要です / All FHIR elements must have a @value or children {hasValue() or (children().count() > id.count())}
","Event.note",".inboundRelationship[typeCode=SUBJ]/source[classCode=OBS,moodCode=EVN,code=""annotation""].value"
"MedicationStatement.dosage","MedicationStatement.dosage","","","",0,*,"","","","Dosage {[]} {[]}
","薬がどのように服用されたか、または服用されるべきかの詳細 / Details of how medication is/was taken or should be taken","患者が薬物療法がどのように摂取されたか、または摂取されるべきかを示します。 / Indicates how the medication is/was or should be taken by the patient.","投薬声明の投与量に含まれる日付は、特定の用量の日付を反映しています。たとえば、「2016年11月1日から2016年11月3日まで、毎日1錠を服用し、2016年11月4日から2016年11月7日まで、毎日2錠を服用してください。」この特異性は、患者が標識容器を持ち込む場合、または薬物療法の声明が薬物療法に由来する場合にのみ居住することが予想されます。 / The dates included in the dosage on a Medication Statement reflect the dates for a given dose.  For example, ""from November 1, 2016 to November 3, 2016, take one tablet daily and from November 4, 2016 to November 7, 2016, take two tablets daily.""  It is expected that this specificity may only be populated where the patient brings in their labeled container or where the Medication Statement is derived from a MedicationRequest.","","","","","","","","",,,,,"",,,,"MedicationStatement.dosage",0,*,"","ele-1:すべてのFHIR要素には、@valueまたは子供が必要です / All FHIR elements must have a @value or children {hasValue() or (children().count() > id.count())}
","refer dosageInstruction mapping"
